,u_windows,g_value,wwr,fixedShadingDepth,heatingSum,heatingMax,lightingSum,temperature>28C
0,0.5,0.2,0.4,0.01,1122787099.66099,1891.3132195764445,512856513.0700216,1147
1,0.5,0.2,0.4,0.25,1144813711.120439,2167.003169518769,512857735.79991543,1138
2,0.5,0.2,0.4,0.5,1145281119.3290272,1891.4636341892344,512843814.7508503,1109
3,0.5,0.2,0.4,0.75,1173663950.9536536,1892.351277114228,512860401.675063,1082
4,0.5,0.2,0.4,1.0,1215153408.8849533,1893.287987162597,512873755.992772,1039
5,0.5,0.2,0.4,1.25,1268129692.133832,1894.7629749556504,512879213.61789256,1010
6,0.5,0.2,0.4,1.5,1338521208.0335188,1897.1303534784845,512933340.5197288,987
7,0.5,0.2,0.5,0.01,1004153821.762522,2924.2525282910674,512443134.8112494,1211
8,0.5,0.2,0.5,0.25,1010809835.1272892,2952.401237790403,512418167.8548209,1192
9,0.5,0.2,0.5,0.5,1017240049.7834952,1875.709404318923,512365517.04187614,1165
10,0.5,0.2,0.5,0.75,989476069.6132292,1876.711528098729,512344050.056888,1134
11,0.5,0.2,0.5,1.0,1028850497.2159438,1877.798772786966,512389103.5266355,1100
12,0.5,0.2,0.5,1.25,1062887789.62321,1880.379947641106,512383058.3386526,1074
13,0.5,0.2,0.5,1.5,1093725755.810256,1883.397681758679,512410365.7153289,1046
14,0.5,0.2,0.6,0.01,1029143861.2611864,3127.976263448841,512100096.2155986,1277
15,0.5,0.2,0.6,0.25,1056160714.7533822,3557.242556801549,512100530.67682874,1265
16,0.5,0.2,0.6,0.5,1044189165.4650753,4537.665479274179,512047163.7128064,1246
17,0.5,0.2,0.6,0.75,1012327943.4529808,4552.807157140724,512036152.53333473,1207
18,0.5,0.2,0.6,1.0,996430844.3060644,3238.741522776645,512042840.0418457,1165
19,0.5,0.2,0.6,1.25,988635191.8265344,2132.223955014207,512069573.038654,1124
20,0.5,0.2,0.6,1.5,974002764.1429312,1862.42159620011,512064587.947793,1097
21,0.5,0.3,0.4,0.01,733947964.0240929,2356.273006619285,512971245.26332235,1398
22,0.5,0.3,0.4,0.25,725155326.1997308,1976.9961929543488,512972476.60474205,1377
23,0.5,0.3,0.4,0.5,756610871.4957592,2182.4055313091067,512977110.8207865,1340
24,0.5,0.3,0.4,0.75,746113109.51114,2471.1121077065154,512993769.76987046,1284
25,0.5,0.3,0.4,1.0,751347091.4415464,2150.988328015185,513028204.24924296,1249
26,0.5,0.3,0.4,1.25,768356458.0646884,1784.3422822431928,513070635.72489774,1205
27,0.5,0.3,0.4,1.5,791041676.0382369,1792.0422364045503,513125195.7816108,1160
28,0.5,0.3,0.5,0.01,766233307.3638002,4828.097972315475,512468204.76183736,1512
29,0.5,0.3,0.5,0.25,755830743.7806702,4205.26270824029,512468810.0177002,1492
30,0.5,0.3,0.5,0.5,741357474.8221036,2266.877455626652,512471752.96096295,1454
31,0.5,0.3,0.5,0.75,740537083.8647158,3599.448748814505,512484290.88408315,1410
32,0.5,0.3,0.5,1.0,730591896.4041051,2747.4003298991624,512529568.00302535,1368
33,0.5,0.3,0.5,1.25,736775641.9180871,3116.287117749961,512547886.63503253,1301
34,0.5,0.3,0.5,1.5,734093981.829379,2631.733607133654,512575243.19428456,1258
35,0.5,0.3,0.6,0.01,1023067661.3204896,4018.094897932098,512157660.1283593,1630
36,0.5,0.3,0.6,0.25,983572758.4923952,4534.184513385552,512158096.2138817,1618
37,0.5,0.3,0.6,0.5,987707386.7308044,5818.368930827661,512161344.6541322,1566
38,0.5,0.3,0.6,0.75,972293342.0133928,5923.460653466327,512116700.30332583,1515
39,0.5,0.3,0.6,1.0,894607991.3474166,4035.026226079124,512156124.788637,1462
40,0.5,0.3,0.6,1.25,869547412.6006355,3132.2694607748467,512182792.0832397,1427
41,0.5,0.3,0.6,1.5,849824293.5556726,2733.988710671458,512211209.1064849,1377
42,0.5,0.4,0.4,0.01,569129752.8046151,2792.6902536581624,512934657.45808077,1615
43,0.5,0.4,0.4,0.25,577759146.4659857,3332.39339283771,512936904.67084324,1595
44,0.5,0.4,0.4,0.5,563385523.0807289,3676.5862676276574,512907830.55115604,1567
45,0.5,0.4,0.4,0.75,575370720.2009614,2203.2470599925723,512927781.6837206,1508
46,0.5,0.4,0.4,1.0,548837705.7781216,2669.176219710061,512913999.06923485,1458
47,0.5,0.4,0.4,1.25,581645563.101687,1997.4506670083545,512961034.4734837,1409
48,0.5,0.4,0.4,1.5,576450667.2904264,2648.588759918946,513021122.6777135,1347
49,0.5,0.4,0.5,0.01,717785787.5090061,3145.439837024816,512571952.75130117,1780
50,0.5,0.4,0.5,0.25,723491414.3821267,3162.794894411541,512547569.5496087,1757
51,0.5,0.4,0.5,0.5,708564972.5435853,4221.704527715818,512495486.0770518,1727
52,0.5,0.4,0.5,0.75,714951452.663591,4129.100374858549,512443946.94799966,1663
53,0.5,0.4,0.5,1.0,715426383.1132612,4711.200184865592,512463383.8131467,1598
54,0.5,0.4,0.5,1.25,685863385.6987077,3211.04163835367,512484220.63666075,1528
55,0.5,0.4,0.5,1.5,674125867.0139856,2619.5441050114923,512514110.2329446,1481
56,0.5,0.4,0.6,0.01,899040851.9868896,5301.609577719503,512255837.2453495,1948
57,0.5,0.4,0.6,0.25,883484987.1350732,5318.387000735105,512287513.55864584,1931
58,0.5,0.4,0.6,0.5,888274923.6375345,5341.63292430481,512235584.99581414,1877
59,0.5,0.4,0.6,0.75,873047992.0713204,4490.288441498858,512247272.48001766,1806
60,0.5,0.4,0.6,1.0,922351778.5328792,4522.22729144475,512149012.5622098,1741
61,0.5,0.4,0.6,1.25,946923404.3137624,4722.990364512779,512148524.3914692,1676
62,0.5,0.4,0.6,1.5,966191047.028055,5702.235796225797,512180106.97586155,1617
63,0.5,0.5,0.4,0.01,479685989.473981,2436.0693368568377,513062867.32395715,1852
64,0.5,0.5,0.4,0.25,497906441.6052683,2440.5574155223885,513066175.9868363,1830
65,0.5,0.5,0.4,0.5,526486675.350577,2643.1705045153885,513075087.2325349,1791
66,0.5,0.5,0.4,0.75,520677479.1902378,4232.086225005015,513044564.678624,1723
67,0.5,0.5,0.4,1.0,495875194.74496615,2607.644023492402,513036833.8875149,1638
68,0.5,0.5,0.4,1.25,525056813.6540966,2087.865392594829,513015797.5061594,1568
69,0.5,0.5,0.4,1.5,507243449.84478295,2136.900978733847,513009798.3016674,1525
70,0.5,0.5,0.5,0.01,672473125.276883,4035.7635057726816,512602657.9792126,2065
71,0.5,0.5,0.5,0.25,637475777.0363698,3199.1445054729334,512580883.74739647,2042
72,0.5,0.5,0.5,0.5,683558727.4927757,3671.178144403798,512610581.40951955,1980
73,0.5,0.5,0.5,0.75,687946849.7070391,3690.473667498836,512629986.5628236,1892
74,0.5,0.5,0.5,1.0,652294204.3906741,3795.1732905560334,512660052.6578163,1822
75,0.5,0.5,0.5,1.25,655384148.3681948,3830.326388323132,512604561.4630531,1746
76,0.5,0.5,0.5,1.5,716074373.0334237,4554.642562125195,512611765.9564478,1694
77,0.5,0.5,0.6,0.01,815792151.6586775,3860.3752707635263,512303794.6489175,2357
78,0.5,0.5,0.6,0.25,813652126.7059729,3854.786716159042,512281556.85514086,2323
79,0.5,0.5,0.6,0.5,852305552.5211216,3874.486808056064,512264364.24465084,2250
80,0.5,0.5,0.6,0.75,870431875.4926379,3918.951341037505,512252858.4200843,2157
81,0.5,0.5,0.6,1.0,848802532.8062549,3959.664467738848,512307004.90731764,2037
82,0.5,0.5,0.6,1.25,903249344.4339138,4251.546137150692,512345098.5872008,1935
83,0.5,0.5,0.6,1.5,880346238.0964311,4139.650370262434,512347719.19842416,1849
84,0.5,0.6,0.4,0.01,467001803.6249635,3427.3002787978558,513174622.1497194,2064
85,0.5,0.6,0.4,0.25,465844816.0905708,3433.228886874395,513177993.8505658,2048
86,0.5,0.6,0.4,0.5,471549356.72912574,2988.6902403633667,513133266.10566807,1984
87,0.5,0.6,0.4,0.75,460020439.0690506,2800.5396333910285,513154199.4976476,1893
88,0.5,0.6,0.4,1.0,463397922.56416535,3338.084923859755,513222101.421299,1826
89,0.5,0.6,0.4,1.25,492652239.8708594,4150.364780451871,513219766.0271925,1763
90,0.5,0.6,0.4,1.5,454058028.0443033,2381.0411301466524,513266754.776536,1683
91,0.5,0.6,0.5,0.01,589669667.7726443,3022.65698100204,512746457.9169633,2388
92,0.5,0.6,0.5,0.25,554520997.4917839,3028.71701553376,512680825.5429842,2362
93,0.5,0.6,0.5,0.5,576595026.3915205,3080.225283806569,512686923.4228676,2278
94,0.5,0.6,0.5,0.75,618504518.7736819,3061.43412294149,512685264.9190464,2185
95,0.5,0.6,0.5,1.0,629840166.7165513,3304.338933772456,512693611.8328894,2064
96,0.5,0.6,0.5,1.25,624531111.6246312,3174.761780100493,512717490.2130257,1969
97,0.5,0.6,0.5,1.5,647849074.420644,2986.6951023633355,512771805.21463317,1879
98,0.5,0.6,0.6,0.01,705887676.593475,3836.9371622039703,512428423.67445725,2754
99,0.5,0.6,0.6,0.25,714443571.3817902,3848.1182761528994,512396224.2791073,2720
100,0.5,0.6,0.6,0.5,709973153.2539804,3759.735834137319,512377037.54946005,2635
101,0.5,0.6,0.6,0.75,705503825.713279,3664.448880013102,512367701.32279456,2494
102,0.5,0.6,0.6,1.0,751500460.7293632,3048.850614246612,512387186.67791843,2361
103,0.5,0.6,0.6,1.25,787545193.6046467,3746.8771917905783,512401936.5367376,2246
104,0.5,0.6,0.6,1.5,819054287.3632087,3190.959503037631,512413472.12583256,2141
105,0.5,0.7,0.4,0.01,391379600.7389186,2854.267508396026,513274539.5086114,2330
106,0.5,0.7,0.4,0.25,392036979.6736975,2086.037178224383,513255442.4962524,2303
107,0.5,0.7,0.4,0.5,412875729.9241647,2851.58798632796,513264648.514128,2222
108,0.5,0.7,0.4,0.75,392119736.2832081,2225.6384044594174,513229558.86996335,2110
109,0.5,0.7,0.4,1.0,402614150.8375093,2175.210320842182,513226267.78543013,1997
110,0.5,0.7,0.4,1.25,414236372.9434485,1979.659571528392,513280607.57229203,1913
111,0.5,0.7,0.4,1.5,479091762.7851603,2948.722174842592,513344949.2729365,1835
112,0.5,0.7,0.5,0.01,527203170.7419804,2941.9520538869456,512831120.2592748,2731
113,0.5,0.7,0.5,0.25,494144226.9753264,2941.798402220757,512798852.052141,2704
114,0.5,0.7,0.5,0.5,492777730.017132,2951.1625535812327,512805063.8640359,2612
115,0.5,0.7,0.5,0.75,519139583.1781685,3207.73957507406,512797410.6047772,2455
116,0.5,0.7,0.5,1.0,533672447.1011908,2970.2051859371463,512793769.51412946,2314
117,0.5,0.7,0.5,1.25,579240007.2353861,2594.4702715673,512794998.16470957,2207
118,0.5,0.7,0.5,1.5,642728748.9132531,3112.9602220086044,512827052.886618,2104
119,0.5,0.7,0.6,0.01,629872151.2636284,3199.925430684121,512543274.69998723,3127
120,0.5,0.7,0.6,0.25,603490768.0287282,2833.433879917736,512544798.4200764,3103
121,0.5,0.7,0.6,0.5,637062847.2120879,4136.284184548264,512463983.8073038,3024
122,0.5,0.7,0.6,0.75,649920969.8274807,2998.0383416732584,512484967.81635314,2888
123,0.5,0.7,0.6,1.0,668373604.4036021,3811.773328992222,512512965.3249079,2722
124,0.5,0.7,0.6,1.25,697362195.7552606,3677.198440589684,512551662.21465397,2546
125,0.5,0.7,0.6,1.5,752461650.5255642,3791.170196567976,512552792.7044498,2402
126,0.5,0.8,0.4,0.01,329881698.97103,2997.2080756852297,513346723.7839209,2585
127,0.5,0.8,0.4,0.25,338808114.18063974,3021.3630630475323,513350162.1844822,2552
128,0.5,0.8,0.4,0.5,327809062.1823081,3043.9304609076667,513323639.8281094,2470
129,0.5,0.8,0.4,0.75,372434186.49516106,3082.798743256379,513311203.5017222,2329
130,0.5,0.8,0.4,1.0,364282369.8857356,2164.025057657735,513340495.8614066,2208
131,0.5,0.8,0.4,1.25,392593180.8078031,1761.0781375412244,513368976.6585881,2079
132,0.5,0.8,0.4,1.5,416388957.2975992,2391.345388977611,513405040.0387576,1976
133,0.5,0.8,0.5,0.01,419658018.4531542,2535.74690273748,512919732.04580766,3051
134,0.5,0.8,0.5,0.25,435448572.6857438,2535.381550231458,512924093.98834676,3018
135,0.5,0.8,0.5,0.5,446752764.0675782,2670.8421476633976,512910482.0558461,2914
136,0.5,0.8,0.5,0.75,484034495.43036175,2925.417137054957,512859102.8831438,2775
137,0.5,0.8,0.5,1.0,474350154.56888384,3344.463474906681,512890287.8653835,2604
138,0.5,0.8,0.5,1.25,523802646.53430414,2502.5707898804308,512922348.1549891,2430
139,0.5,0.8,0.5,1.5,580507326.3876692,2748.075565616493,512920922.66633606,2300
140,0.5,0.8,0.6,0.01,550501057.6682346,3007.8750158587177,512604497.808794,3447
141,0.5,0.8,0.6,0.25,546993473.3494828,2630.192706029966,512606029.2731806,3424
142,0.5,0.8,0.6,0.5,598166780.3727233,2652.5218049344003,512552476.06063443,3352
143,0.5,0.8,0.6,0.75,580505380.4338171,3163.042005693442,512609989.351278,3213
144,0.5,0.8,0.6,1.0,601234571.8859895,3176.74560470828,512572949.13217676,3071
145,0.5,0.8,0.6,1.25,618333685.1978883,3851.746603333018,512578336.559523,2883
146,0.5,0.8,0.6,1.5,663514313.2471267,4130.838014785263,512613933.2071582,2710
147,0.75,0.2,0.4,0.01,1595427486.1278512,2080.614988190431,512837975.47533494,1120
148,0.75,0.2,0.4,0.25,1609372394.7347803,2079.8539071099767,512839201.5988129,1103
149,0.75,0.2,0.4,0.5,1624225997.2637663,2078.2759145862365,512822733.19108856,1075
150,0.75,0.2,0.4,0.75,1658961920.7681043,2076.557495237605,512802926.61827934,1047
151,0.75,0.2,0.4,1.0,1706239895.3256187,2074.8638754744807,512837104.7147538,1013
152,0.75,0.2,0.4,1.25,1778297165.3008192,2073.598336926585,512844456.9299617,987
153,0.75,0.2,0.4,1.5,1865683644.708189,2072.8800962441187,512898219.34213275,948
154,0.75,0.2,0.5,0.01,1467159201.3332212,3610.753138318676,512361959.38006103,1166
155,0.75,0.2,0.5,0.25,1480747967.0808527,3204.240487362355,512328643.5901246,1148
156,0.75,0.2,0.5,0.5,1467224500.1059637,2200.1518251578705,512331572.2026264,1137
157,0.75,0.2,0.5,0.75,1474222988.789025,2104.810042914082,512319567.63693887,1104
158,0.75,0.2,0.5,1.0,1510937364.3994837,2103.325512374878,512364771.41425735,1068
159,0.75,0.2,0.5,1.25,1575880896.0968285,2102.8742985011054,512383058.3386526,1039
160,0.75,0.2,0.5,1.5,1649698302.3557422,2103.1786992734565,512374847.16981804,1005
161,0.75,0.2,0.6,0.01,1441289955.2846146,4642.369352581591,512019371.4891944,1229
162,0.75,0.2,0.6,0.25,1426392207.0127392,4664.06713527379,512019810.6048068,1218
163,0.75,0.2,0.6,0.5,1430556720.7597897,2668.371887481941,511990334.92509353,1188
164,0.75,0.2,0.6,0.75,1431146630.510669,2125.9640429199103,512003305.35125,1158
165,0.75,0.2,0.6,1.0,1440319947.831946,2124.348730094988,511982580.48182297,1118
166,0.75,0.2,0.6,1.25,1471474517.8282523,2122.50717406247,512009189.92618877,1090
167,0.75,0.2,0.6,1.5,1497242468.567989,2120.732093542389,512037549.2059929,1059
168,0.75,0.3,0.4,0.01,994034427.9384894,2219.9179876838093,512971245.26332235,1348
169,0.75,0.3,0.4,0.25,990400115.2575167,2323.9280530183223,512972476.60474205,1332
170,0.75,0.3,0.4,0.5,993421360.1065466,2476.109036406829,512977110.8207865,1302
171,0.75,0.3,0.4,0.75,1006296621.3502448,1981.2206109981207,512993769.76987046,1256
172,0.75,0.3,0.4,1.0,1023927453.19728,1981.877989271951,513028204.24924296,1213
173,0.75,0.3,0.4,1.25,1067151273.6512232,1984.6926918440013,513070635.72489774,1167
174,0.75,0.3,0.4,1.5,1120630668.6485686,1988.309877298632,513125195.7816108,1130
175,0.75,0.3,0.5,0.01,1010521665.02515,3108.085488342552,512468204.76183736,1464
176,0.75,0.3,0.5,0.25,1004756530.918047,3109.2146430951534,512468810.0177002,1448
177,0.75,0.3,0.5,0.5,1055243590.1477424,3119.150188091568,512471752.96096295,1413
178,0.75,0.3,0.5,0.75,999256936.4578272,2537.3431428200406,512484290.88408315,1368
179,0.75,0.3,0.5,1.0,1007765810.9681112,3263.511193592701,512529568.00302535,1310
180,0.75,0.3,0.5,1.25,986903494.0290756,3401.618473578264,512547886.63503253,1257
181,0.75,0.3,0.5,1.5,1022592459.311384,1993.9969060629464,512575243.19428456,1219
182,0.75,0.3,0.6,0.01,1158081230.5520422,4471.3284617559775,512157660.1283593,1561
183,0.75,0.3,0.6,0.25,1143027522.3145366,4384.819713553162,512158096.2138817,1544
184,0.75,0.3,0.6,0.5,1136072121.073537,4509.728107600721,512103766.88613045,1517
185,0.75,0.3,0.6,0.75,1100806574.2623537,4481.277128747247,512116700.30332583,1466
186,0.75,0.3,0.6,1.0,1074118058.6935115,3974.894068285589,512156124.788637,1410
187,0.75,0.3,0.6,1.25,1082556760.195923,4151.103106413547,512182792.0832397,1366
188,0.75,0.3,0.6,1.5,1031067376.0411772,3037.0108008996403,512211209.1064849,1320
189,0.75,0.4,0.4,0.01,721922411.1919243,1850.4550567146232,512898919.3231076,1575
190,0.75,0.4,0.4,0.25,735420755.5425645,2277.2101511373307,512901152.3580346,1559
191,0.75,0.4,0.4,0.5,739575090.6651515,2223.710823305388,512907830.55115604,1524
192,0.75,0.4,0.4,0.75,756420962.7148969,2172.422815700417,512927781.6837206,1472
193,0.75,0.4,0.4,1.0,756630917.1008371,2416.8416436988623,512913999.06923485,1420
194,0.75,0.4,0.4,1.25,754308023.6676689,1872.5216465304516,512961034.4734837,1369
195,0.75,0.4,0.4,1.5,782772699.4455247,2079.815896337583,513021122.6777135,1312
196,0.75,0.4,0.5,0.01,838445726.3432987,3611.538558942005,512544243.5831696,1727
197,0.75,0.4,0.5,0.25,832230546.9278386,3820.451591647157,512456851.6026996,1703
198,0.75,0.4,0.5,0.5,872820837.1718006,4166.5509841103785,512427958.2299544,1665
199,0.75,0.4,0.5,0.75,833414670.0260284,4211.175164915891,512409655.33490884,1606
200,0.75,0.4,0.5,1.0,809003665.8351967,3878.166652445136,512463383.8131467,1542
201,0.75,0.4,0.5,1.25,813820749.6978742,3016.9757773874803,512484220.63666075,1478
202,0.75,0.4,0.5,1.5,777276771.0233847,2837.245062147559,512457508.3198247,1435
203,0.75,0.4,0.6,0.01,1020703247.781807,3938.93195537344,512198762.2588727,1862
204,0.75,0.4,0.6,0.25,1002058799.559203,3589.6999054658104,512199721.2143961,1844
205,0.75,0.4,0.6,0.5,1012609418.1277852,3625.185148104887,512176152.2494467,1794
206,0.75,0.4,0.6,0.75,1046664096.2481886,4254.419415089404,512102236.4028074,1732
207,0.75,0.4,0.6,1.0,1038453123.5934966,5129.286186432294,512116399.27931845,1676
208,0.75,0.4,0.6,1.25,980995428.0850624,5215.602288624489,512114969.17246675,1610
209,0.75,0.4,0.6,1.5,971529423.4583446,3782.669826562828,512146316.6507214,1556
210,0.75,0.5,0.4,0.01,592870091.3314965,2928.3149938992938,513062867.32395715,1805
211,0.75,0.5,0.4,0.25,589359650.9346454,2470.985445802582,513032626.95377576,1782
212,0.75,0.5,0.4,0.5,606128950.4712629,3417.777068384247,513020899.4770902,1742
213,0.75,0.5,0.4,0.75,626995889.6948559,3885.317306183631,512988484.25136745,1661
214,0.75,0.5,0.4,1.0,592530283.9142368,2135.9831640609486,512928050.6522644,1599
215,0.75,0.5,0.4,1.25,599686639.4683944,1806.840208030808,512944368.47235477,1537
216,0.75,0.5,0.4,1.5,605851597.4918957,1954.449543429431,512973334.47940606,1481
217,0.75,0.5,0.5,0.01,723382635.1704793,2792.3033991718403,512579050.2292431,1981
218,0.75,0.5,0.5,0.25,730507666.9541746,2790.4416068665982,512580883.74739647,1950
219,0.75,0.5,0.5,0.5,787899971.4442729,4770.513012975642,512577534.2963557,1898
220,0.75,0.5,0.5,0.75,757962733.8411299,2984.984008407798,512573300.2227194,1825
221,0.75,0.5,0.5,1.0,776211472.4841111,4018.291780069416,512580830.49246633,1756
222,0.75,0.5,0.5,1.25,811803895.3492059,4483.662085388574,512578699.5734534,1702
223,0.75,0.5,0.5,1.5,784602770.3950247,4474.169641743006,512501388.90057147,1631
224,0.75,0.5,0.6,0.01,886965624.203253,3706.413610774802,512255834.047914,2194
225,0.75,0.5,0.6,0.25,865375020.4850247,3713.3236803417863,512225131.32845974,2177
226,0.75,0.5,0.6,0.5,884959883.9767518,3580.273303250571,512205644.9610094,2107
227,0.75,0.5,0.6,0.75,898022272.08034,3862.4628774759954,512252858.4200843,2022
228,0.75,0.5,0.6,1.0,913236750.829196,3518.637735917019,512307004.90731764,1933
229,0.75,0.5,0.6,1.25,953542574.6904616,4258.252975289087,512312790.7568995,1838
230,0.75,0.5,0.6,1.5,1013793790.0132034,4382.461700632359,512295239.5664182,1784
231,0.75,0.6,0.4,0.01,512450873.71132827,2040.750498412444,513120842.25757444,2003
232,0.75,0.6,0.4,0.25,508077859.80518895,2052.330663483764,513124204.6573849,1981
233,0.75,0.6,0.4,0.5,555344034.5272745,2890.00894889394,513130110.99185574,1919
234,0.75,0.6,0.4,0.75,519546260.2553152,2258.166710461677,513153896.1181034,1844
235,0.75,0.6,0.4,1.0,535803674.2890502,2994.3780640509926,513202667.043272,1767
236,0.75,0.6,0.4,1.25,555544212.0661793,2690.147557166737,513199941.2154726,1706
237,0.75,0.6,0.4,1.5,581599135.4408673,1894.1563792464965,513232036.97232693,1633
238,0.75,0.6,0.5,0.01,681451633.3365135,3118.2763320748613,512678997.7500948,2261
239,0.75,0.6,0.5,0.25,647944552.9622724,3130.153138366229,512680825.5429842,2243
240,0.75,0.6,0.5,0.5,646963722.5476491,3161.58061536908,512686923.4228676,2164
241,0.75,0.6,0.5,0.75,684211884.2753389,3106.065131711991,512629986.5628236,2070
242,0.75,0.6,0.5,1.0,684138736.8587664,3163.3964768023884,512693611.8328894,1966
243,0.75,0.6,0.5,1.25,682858512.9937863,3555.323365134863,512738741.3734962,1874
244,0.75,0.6,0.5,1.5,741911330.8030287,3804.709618439883,512771805.21463317,1815
245,0.75,0.6,0.6,0.01,800040132.0319313,3658.423762593197,512394717.6443952,2556
246,0.75,0.6,0.6,0.25,789057728.9119703,3689.626800312796,512366081.71859217,2525
247,0.75,0.6,0.6,0.5,832375389.6912707,3706.656098761227,512346847.6143262,2452
248,0.75,0.6,0.6,0.75,830525997.3935109,3494.683566543821,512333023.80155534,2336
249,0.75,0.6,0.6,1.0,889987568.184788,3780.117926793135,512363703.4787267,2217
250,0.75,0.6,0.6,1.25,875707393.7209194,3825.2750413151134,512368951.5806004,2113
251,0.75,0.6,0.6,1.5,955285522.334856,3894.428347965033,512380258.06329393,2005
252,0.75,0.7,0.4,0.01,459202119.9262263,2776.4576234980777,513252029.7027006,2223
253,0.75,0.7,0.4,0.25,498107825.4697131,2503.684837134222,513229829.87119055,2196
254,0.75,0.7,0.4,0.5,451899366.34775007,2510.1519471974057,513205166.65772426,2122
255,0.75,0.7,0.4,0.75,461685107.6624597,1849.3761878676823,513211537.3211072,2024
256,0.75,0.7,0.4,1.0,488615245.2815496,2157.118341683092,513203837.7235066,1924
257,0.75,0.7,0.4,1.25,539001805.0386492,3175.148752844668,513257498.2647399,1846
258,0.75,0.7,0.4,1.5,543840742.018035,3883.35752598762,513340289.5452142,1787
259,0.75,0.7,0.5,0.01,586034730.85169,3165.3419777957283,512794720.4429161,2571
260,0.75,0.7,0.5,0.25,596571037.253339,3179.1988268134,512796557.02166605,2543
261,0.75,0.7,0.5,0.5,604422567.8675339,2591.0017320525635,512742110.775068,2439
262,0.75,0.7,0.5,0.75,598802158.9145831,2942.0129034408837,512761586.7740909,2317
263,0.75,0.7,0.5,1.0,645502786.0832151,3165.18136507182,512769987.0665283,2209
264,0.75,0.7,0.5,1.25,675526102.6186949,3171.855115712744,512793877.1507322,2098
265,0.75,0.7,0.5,1.5,680749150.4928408,3683.910012783114,512806322.1289121,1984
266,0.75,0.7,0.6,0.01,766710929.1385071,3280.1855782156117,512455410.7416687,2912
267,0.75,0.7,0.6,0.25,731368871.204268,3415.324666856429,512456921.3818368,2881
268,0.75,0.7,0.6,0.5,736217900.7115995,3829.385661234669,512463983.8073038,2803
269,0.75,0.7,0.6,0.75,787070291.2820492,3287.8660429010624,512423377.50435764,2672
270,0.75,0.7,0.6,1.0,803182783.5510079,3684.3915705130175,512478819.4314203,2516
271,0.75,0.7,0.6,1.25,812199773.8498256,3017.847530594768,512517298.3093058,2366
272,0.75,0.7,0.6,1.5,851755189.4925499,3702.8740258184935,512460488.51404124,2241
273,0.75,0.8,0.4,0.01,388536876.0377269,2270.429370091515,513310985.5647383,2480
274,0.75,0.8,0.4,0.25,405897536.1975906,2618.7774771424088,513314406.9304676,2449
275,0.75,0.8,0.4,0.5,396622927.73562855,2371.555518256508,513286550.31708133,2346
276,0.75,0.8,0.4,0.75,413435347.824357,2985.1596163884656,513283424.0697824,2220
277,0.75,0.8,0.4,1.0,424520220.0796223,2086.288323814291,513279930.97491294,2105
278,0.75,0.8,0.4,1.25,476806552.4603365,2369.306838278547,513334435.0652984,1999
279,0.75,0.8,0.4,1.5,479694003.9649068,2536.914076227012,513350993.0993142,1911
280,0.75,0.8,0.5,0.01,516027624.5234053,3261.931053299783,512922206.64409125,2853
281,0.75,0.8,0.5,0.25,510106280.0328243,3277.6627124479587,512904172.77407825,2836
282,0.75,0.8,0.5,0.5,526058727.221953,2939.379613469798,512839240.55349064,2745
283,0.75,0.8,0.5,0.75,513198739.9833821,3308.182149508992,512822192.7518412,2596
284,0.75,0.8,0.5,1.0,550236414.1571256,2451.11117784651,512861548.318231,2429
285,0.75,0.8,0.5,1.25,603933580.134289,2209.601032549548,512886804.5209376,2283
286,0.75,0.8,0.5,1.5,643127283.4653764,2855.246997875226,512882734.1303066,2189
287,0.75,0.8,0.6,0.01,611902125.5325508,2814.079461579709,512543810.80555314,3232
288,0.75,0.8,0.6,0.25,619808781.9355067,2918.6456435105247,512582107.45478314,3202
289,0.75,0.8,0.6,0.5,635377691.0193372,2923.129300493011,512588724.82587844,3116
290,0.75,0.8,0.6,0.75,643976706.99352,4184.569921329249,512586278.38907874,2999
291,0.75,0.8,0.6,1.0,688997028.5248262,3325.150457826996,512539740.1527058,2840
292,0.75,0.8,0.6,1.25,704846717.8440022,3837.7445601962263,512516512.942754,2670
293,0.75,0.8,0.6,1.5,737386776.1456817,2877.45713052959,512587350.0663096,2492
294,1.0,0.2,0.4,0.01,2147513768.7110186,2260.417224028112,512816875.5483425,1081
295,1.0,0.2,0.4,0.25,2150426035.8985286,2259.1490295545445,512818105.53559875,1070
296,1.0,0.2,0.4,0.5,2176438058.754868,2256.314160438603,512786385.4166169,1048
297,1.0,0.2,0.4,0.75,2205883002.540272,2253.116747132432,512768664.07224065,1021
298,1.0,0.2,0.4,1.0,2267614667.8671546,2250.1033184317766,512802623.370838,982
299,1.0,0.2,0.4,1.25,2351650269.057497,2248.530965813716,512824173.4084343,953
300,1.0,0.2,0.4,1.5,2457705261.131564,2248.2885096751306,512878094.6994448,925
301,1.0,0.2,0.5,0.01,2050403130.5057333,2329.566198590782,512328041.16034585,1133
302,1.0,0.2,0.5,0.25,2048815235.599929,2328.211908314189,512304109.0483608,1128
303,1.0,0.2,0.5,0.5,2067549014.9752457,2333.597689386446,512307047.5124897,1103
304,1.0,0.2,0.5,0.75,2083719598.9353929,2330.019204751886,512319567.63693887,1070
305,1.0,0.2,0.5,1.0,2141713843.4120529,2326.724329973705,512329551.4658146,1041
306,1.0,0.2,0.5,1.25,2220085720.596427,2324.5115000489177,512314893.26148045,1007
307,1.0,0.2,0.5,1.5,2307855391.9840007,2323.606476993887,512341829.29476595,974
308,1.0,0.2,0.6,0.01,2043604783.1546056,2398.1883655309407,511986653.93648803,1188
309,1.0,0.2,0.6,0.25,2050737854.160069,3220.8934898333578,511954513.3335916,1175
310,1.0,0.2,0.6,0.5,2033076613.7326305,2389.5852352867223,511930309.889246,1150
311,1.0,0.2,0.6,0.75,2053275714.581344,2385.243435528168,511943222.1089112,1117
312,1.0,0.2,0.6,1.0,2086104047.721629,2381.1885627872653,511982580.48182297,1081
313,1.0,0.2,0.6,1.25,2146090876.526644,2378.753321879095,512009189.92618877,1053
314,1.0,0.2,0.6,1.5,2201302815.0627337,2377.65878778497,512003187.3063445,1026
315,1.0,0.3,0.4,0.01,1329661867.7421188,2895.077509848836,512971245.26332235,1310
316,1.0,0.3,0.4,0.25,1326184986.6052125,2163.4693853257963,512972476.60474205,1305
317,1.0,0.3,0.4,0.5,1336247485.479636,2161.310394999811,512977110.8207865,1263
318,1.0,0.3,0.4,0.75,1347296107.500425,2159.602607233249,512993769.76987046,1222
319,1.0,0.3,0.4,1.0,1382292706.2257986,2157.898545005243,513028204.24924296,1179
320,1.0,0.3,0.4,1.25,1447759492.5965304,2157.299561368778,513070635.72489774,1140
321,1.0,0.3,0.4,1.5,1525322208.1303296,2156.8141130752538,513104118.89671767,1102
322,1.0,0.3,0.5,0.01,1344006592.3737388,2717.5583142854884,512468204.76183736,1425
323,1.0,0.3,0.5,0.25,1370602976.0198357,3070.8038250248724,512468810.0177002,1408
324,1.0,0.3,0.5,0.5,1359060001.9413574,2969.1560907270878,512471752.96096295,1372
325,1.0,0.3,0.5,0.75,1308407848.4539218,2204.0416814720406,512484290.88408315,1326
326,1.0,0.3,0.5,1.0,1346563405.2026796,2202.5308545256157,512529568.00302535,1263
327,1.0,0.3,0.5,1.25,1366757012.6409748,2203.305132504124,512547886.63503253,1223
328,1.0,0.3,0.5,1.5,1391302897.2251484,2205.720900439607,512575243.19428456,1188
329,1.0,0.3,0.6,0.01,1447985232.6634986,5483.697136019101,512100096.2155986,1510
330,1.0,0.3,0.6,0.25,1457252391.6255517,4000.9786460152136,512100530.67682874,1500
331,1.0,0.3,0.6,0.5,1403666124.3797824,3188.013991494741,512103766.88613045,1466
332,1.0,0.3,0.6,0.75,1419702371.3261883,3394.3444901998414,512116700.30332583,1409
333,1.0,0.3,0.6,1.0,1421104906.0297902,4669.8276545612325,512156124.788637,1369
334,1.0,0.3,0.6,1.25,1412766306.0779614,3679.1844387355354,512182792.0832397,1325
335,1.0,0.3,0.6,1.5,1447767614.3223696,3827.306919098495,512211209.1064849,1268
336,1.0,0.4,0.4,0.01,943108918.2106673,2063.258389048333,512898919.3231076,1541
337,1.0,0.4,0.4,0.25,956941738.2179334,2648.2254964769445,512901152.3580346,1529
338,1.0,0.4,0.4,0.5,959689061.4830683,2623.510126515462,512907830.55115604,1486
339,1.0,0.4,0.4,0.75,946041496.4267696,2391.7343015451866,512873063.524772,1437
340,1.0,0.4,0.4,1.0,951347483.7795812,2198.729492125447,512913999.06923485,1387
341,1.0,0.4,0.4,1.25,1009387185.1454736,2898.30747737769,512961034.4734837,1323
342,1.0,0.4,0.4,1.5,1032793124.8567464,2073.717135679733,513021122.6777135,1283
343,1.0,0.4,0.5,0.01,1049195391.4607992,4255.472189504288,512422209.69269687,1668
344,1.0,0.4,0.5,0.25,1045480666.0448232,3740.113305082724,512389279.86307985,1645
345,1.0,0.4,0.5,0.5,1052999786.1107548,3784.004943068721,512393776.60570717,1610
346,1.0,0.4,0.5,0.75,1024569445.7954783,3897.478513592377,512409655.33490884,1547
347,1.0,0.4,0.5,1.0,1013714046.827652,3741.467192145989,512463383.8131467,1481
348,1.0,0.4,0.5,1.25,1001723389.8030356,3488.565082969377,512427727.87106836,1444
349,1.0,0.4,0.5,1.5,1029284118.2676052,2274.522633465556,512457508.3198247,1405
350,1.0,0.4,0.6,0.01,1178330640.1396322,4351.528275824729,512111758.2118362,1785
351,1.0,0.4,0.6,0.25,1150673707.6264367,2902.7827766926243,512112717.5083461,1771
352,1.0,0.4,0.6,0.5,1225060778.6786516,4384.647515551324,512085353.7862791,1727
353,1.0,0.4,0.6,0.75,1264778758.4831352,3731.0443382407248,512037066.1158106,1678
354,1.0,0.4,0.6,1.0,1256005582.0829031,5252.837650921553,512083083.1988801,1615
355,1.0,0.4,0.6,1.25,1230553170.939243,4815.116745025928,512114969.17246675,1545
356,1.0,0.4,0.6,1.5,1168999074.9658751,3057.161650680425,512146316.6507214,1495
357,1.0,0.5,0.4,0.01,764853524.7762141,4207.195978747583,513011091.39298266,1753
358,1.0,0.5,0.4,0.25,761270316.1516625,3586.0815898719334,512960273.85720885,1724
359,1.0,0.5,0.4,0.5,764835920.4339496,4313.697264652146,512964881.3101473,1687
360,1.0,0.5,0.4,0.75,745606234.8542843,2470.041722221463,512933231.77284133,1614
361,1.0,0.5,0.4,1.0,748147937.016837,2359.6803937317545,512892916.1259844,1547
362,1.0,0.5,0.4,1.25,776978680.2062922,2915.0125446787133,512908329.37769794,1496
363,1.0,0.5,0.4,1.5,790407791.734602,2522.938148697541,512973334.47940606,1446
364,1.0,0.5,0.5,0.01,887786460.1505222,3265.2987835697904,512493253.92012393,1898
365,1.0,0.5,0.5,0.25,895037034.7293763,3265.046035595873,512547874.380463,1876
366,1.0,0.5,0.5,0.5,868875382.1780024,3258.4831040512854,512553952.17848665,1829
367,1.0,0.5,0.5,0.75,889532761.6198366,3285.500413362471,512517589.4170178,1772
368,1.0,0.5,0.5,1.0,920707475.3016186,3517.8293910537195,512522782.2117686,1706
369,1.0,0.5,0.5,1.25,893732565.753555,4214.211879523357,512468554.8485568,1642
370,1.0,0.5,0.5,1.5,921699575.0045996,3157.1226846431045,512433185.49324256,1580
371,1.0,0.5,0.6,0.01,1148712775.1266017,5247.71741855178,512197140.5545802,2098
372,1.0,0.5,0.6,0.25,1117076087.2166193,5254.843626376765,512198639.427735,2074
373,1.0,0.5,0.6,0.5,1072578364.0175126,4361.645403326931,512232113.2849426,2017
374,1.0,0.5,0.6,0.75,1103090387.3784506,4192.0602631066085,512221155.90265214,1936
375,1.0,0.5,0.6,1.0,1116735520.8015835,4413.216551033494,512254045.3102726,1843
376,1.0,0.5,0.6,1.25,1149730014.975705,4506.875008262733,512200361.520829,1765
377,1.0,0.5,0.6,1.5,1131277872.3971598,4632.776158992901,512235417.6573076,1706
378,1.0,0.6,0.4,0.01,655538879.7606529,2502.074326042499,513117857.5095989,1939
379,1.0,0.6,0.4,0.25,670538214.1923892,2524.151549905697,513100960.8383392,1923
380,1.0,0.6,0.4,0.5,649803009.2840923,2350.056541189992,513095275.0332322,1857
381,1.0,0.6,0.4,0.75,673521073.8148491,3089.5122271626265,513118927.4980289,1794
382,1.0,0.6,0.4,1.0,691953351.0512807,2999.662347024197,513168661.9328216,1718
383,1.0,0.6,0.4,1.25,648203862.9537214,2838.128539384792,513145404.8359026,1657
384,1.0,0.6,0.4,1.5,674784926.079354,1885.9589513641097,513155390.17621964,1590
385,1.0,0.6,0.5,0.01,791503340.8471177,4047.491353289396,512678997.7500948,2162
386,1.0,0.6,0.5,0.25,807817626.7500596,3536.782187667802,512680825.5429842,2143
387,1.0,0.6,0.5,0.5,819245754.8326871,3510.7466586505084,512665798.1904596,2079
388,1.0,0.6,0.5,0.75,799163187.9891582,3613.818341325024,512629986.5628236,1987
389,1.0,0.6,0.5,1.0,824901544.0358524,3665.918775067082,512693611.8328894,1895
390,1.0,0.6,0.5,1.25,843602055.551641,3768.436355509408,512738741.3734962,1816
391,1.0,0.6,0.5,1.5,838842334.5155958,3893.4031294746846,512716734.8690737,1748
392,1.0,0.6,0.6,0.01,924682323.3179088,3788.948957291056,512338327.7496936,2418
393,1.0,0.6,0.6,0.25,958904024.8070904,3795.3229411055377,512339829.1567626,2397
394,1.0,0.6,0.6,0.5,943059212.0090508,3762.457093715504,512312272.8927374,2315
395,1.0,0.6,0.6,0.75,991920590.1651772,3835.656627020744,512333023.80155534,2203
396,1.0,0.6,0.6,1.0,995294509.4494745,3891.8477617154463,512339737.78904027,2102
397,1.0,0.6,0.6,1.25,1054073543.6147135,4180.171358089189,512345098.5872008,1998
398,1.0,0.6,0.6,1.5,1054584447.6204656,4149.779694670089,512380258.06329393,1915
399,1.0,0.7,0.4,0.01,562935522.7064703,2811.3928964864776,513192738.9772889,2144
400,1.0,0.7,0.4,0.25,552914577.9950327,2810.8039197663684,513196101.8052448,2126
401,1.0,0.7,0.4,0.5,569051440.006,3179.161786124243,513205166.65772426,2065
402,1.0,0.7,0.4,0.75,603221202.7379524,3114.7722349824808,513154199.4976476,1972
403,1.0,0.7,0.4,1.0,603048253.7457325,3213.4485944910866,513202667.043272,1870
404,1.0,0.7,0.4,1.25,620010204.4669254,3184.7481406821694,513273440.3551199,1806
405,1.0,0.7,0.4,1.5,632656564.0726465,3346.487353073979,513340289.5452142,1730
406,1.0,0.7,0.5,0.01,683236787.3892375,3171.884763975575,512734158.3365947,2441
407,1.0,0.7,0.5,0.25,666799496.8096868,3070.739186666211,512735992.1574329,2419
408,1.0,0.7,0.5,0.5,678610173.4153597,2922.7007955460704,512754472.0829555,2329
409,1.0,0.7,0.5,0.75,710378306.2505915,3283.7288881205745,512706333.60226023,2214
410,1.0,0.7,0.5,1.0,788140168.9201431,3449.5272290594785,512769987.0665283,2111
411,1.0,0.7,0.5,1.25,768528167.0371542,3080.447165228808,512751802.6698853,1997
412,1.0,0.7,0.5,1.5,769588433.4293175,3401.8128317149667,512750648.51864415,1907
413,1.0,0.7,0.6,0.01,813088750.325668,2495.9299287093263,512455410.7416687,2724
414,1.0,0.7,0.6,0.25,824579676.7109535,2527.1161465622145,512424130.28501284,2706
415,1.0,0.7,0.6,0.5,843990961.6673276,2531.7915753548286,512402443.16338885,2626
416,1.0,0.7,0.6,0.75,873261161.9142921,3705.723555336919,512424195.058911,2490
417,1.0,0.7,0.6,1.0,863513395.3794112,2995.87452269949,512448117.4712852,2365
418,1.0,0.7,0.6,1.25,947818388.5570076,3749.402491552528,512425309.3085066,2234
419,1.0,0.7,0.6,1.5,939233961.2636127,3407.6258398139835,512460488.51404124,2133
420,1.0,0.8,0.4,0.01,492423072.2221629,2027.8568755335416,513310415.66050166,2364
421,1.0,0.8,0.4,0.25,485890394.5568935,2145.4230870085544,513277372.02443445,2338
422,1.0,0.8,0.4,0.5,498959894.56006974,2497.74531162156,513258960.2297632,2240
423,1.0,0.8,0.4,0.75,491971048.4982312,2277.885478227744,513263480.16721696,2135
424,1.0,0.8,0.4,1.0,504376017.3257104,2491.096755841525,513279930.97491294,2032
425,1.0,0.8,0.4,1.25,524346921.3757497,1794.7160273495897,513275622.53088486,1930
426,1.0,0.8,0.4,1.5,583983669.7410325,2838.32499487072,513322333.39444673,1854
427,1.0,0.8,0.5,0.01,599622419.976284,2991.744072537849,512868806.1535179,2705
428,1.0,0.8,0.5,0.25,610646813.5133711,2997.428806931179,512868392.99835205,2675
429,1.0,0.8,0.5,0.5,604955382.0403649,3006.0609598896,512802685.5585481,2583
430,1.0,0.8,0.5,0.75,614964753.2272049,3448.9590421968824,512796680.75738955,2454
431,1.0,0.8,0.5,1.0,668760073.0666847,2874.131595962845,512862257.3960904,2316
432,1.0,0.8,0.5,1.25,713274502.5818086,2981.0519606011057,512849438.74473536,2200
433,1.0,0.8,0.5,1.5,722946724.0312444,3520.229963387991,512827052.886618,2088
434,1.0,0.8,0.6,0.01,717874599.5938623,3922.679885789205,512580037.56078243,3031
435,1.0,0.8,0.6,0.25,719187577.4471095,3921.942243336631,512581568.26567537,3007
436,1.0,0.8,0.6,0.5,725521472.4608679,3351.4952509760265,512529581.49718875,2930
437,1.0,0.8,0.6,0.75,745642471.0094151,3471.089677708087,512484967.81635314,2806
438,1.0,0.8,0.6,1.0,769871825.3358784,3219.011125486089,512478019.63663995,2635
439,1.0,0.8,0.6,1.25,821541648.0739446,3733.280458872312,512551662.21465397,2463
440,1.0,0.8,0.6,1.5,895351573.4207594,3485.23235681042,512552792.7044498,2334
441,1.5,0.2,0.4,0.01,3359094797.76973,2621.1255320030737,512704758.82126486,1032
442,1.5,0.2,0.4,0.25,3367735369.3545203,2616.898852089639,512706362.00126445,1022
443,1.5,0.2,0.4,0.5,3400105368.6150184,2608.0004436907952,512690972.5137986,1005
444,1.5,0.2,0.4,0.75,3438354219.02016,2597.851575630051,512708623.0112338,969
445,1.5,0.2,0.4,1.0,3507552361.5835,2587.781125349069,512710209.81122303,942
446,1.5,0.2,0.4,1.25,3617931958.4474206,2580.341072912747,512753622.54145163,904
447,1.5,0.2,0.4,1.5,3744223410.3026977,2574.625528988556,512809171.855324,879
448,1.5,0.2,0.5,0.01,3465948156.38256,2774.733139329435,512224349.70153034,1084
449,1.5,0.2,0.5,0.25,3482182218.2957067,2770.061166138349,512193154.12504447,1074
450,1.5,0.2,0.5,0.5,3506352229.3471456,2759.877153953152,512196657.0878479,1047
451,1.5,0.2,0.5,0.75,3529749969.2911367,2748.273098239611,512186204.6616934,1015
452,1.5,0.2,0.5,1.0,3596985615.5872674,2736.873303564258,512233997.76607484,982
453,1.5,0.2,0.5,1.25,3691099428.7492495,2727.8012528764766,512219396.8696691,944
454,1.5,0.2,0.5,1.5,3809071075.498424,2721.168230057357,512247110.05674374,923
455,1.5,0.2,0.6,0.01,3659975429.2498846,2919.88949715447,511880986.88914794,1119
456,1.5,0.2,0.6,0.25,3653334318.103468,2910.614722649682,511848267.34211665,1106
457,1.5,0.2,0.6,0.5,3664694205.3447914,2898.932046847357,511852171.9387148,1090
458,1.5,0.2,0.6,0.75,3691906397.360272,2885.813575270671,511808852.8969536,1058
459,1.5,0.2,0.6,1.0,3738615139.061856,2873.302348878403,511850054.6145541,1020
460,1.5,0.2,0.6,1.25,3833530910.9166737,2862.496241491227,511878270.097222,991
461,1.5,0.2,0.6,1.5,3936660838.736537,2855.0155392258434,511907306.58023846,963
462,1.5,0.3,0.4,0.01,2150056229.471137,2492.189039275472,512934231.3699117,1251
463,1.5,0.3,0.4,0.25,2154368363.001487,2540.795342707908,512935824.6704152,1234
464,1.5,0.3,0.4,0.5,2174770023.642355,3569.101882518814,512941160.12793845,1205
465,1.5,0.3,0.4,0.75,2207127406.2177258,2480.1821367463763,512937263.02942216,1169
466,1.5,0.3,0.4,1.0,2257796992.854231,2475.309503252292,512952222.058169,1128
467,1.5,0.3,0.4,1.25,2360075271.2664523,2472.2985260633127,512978048.68884933,1091
468,1.5,0.3,0.4,1.5,2470903261.404856,2470.858791775792,512998240.86801845,1063
469,1.5,0.3,0.5,0.01,2199938612.850524,2621.4341622416896,512429262.5442117,1345
470,1.5,0.3,0.5,0.25,2203962832.7806463,2863.656675176452,512430096.3021449,1327
471,1.5,0.3,0.5,0.5,2220064011.0521817,2614.1181352224967,512433605.91813785,1296
472,1.5,0.3,0.5,0.75,2213816736.276945,2607.8835729771,512447296.0883961,1243
473,1.5,0.3,0.5,1.0,2280489229.194895,2601.989086706316,512470248.11998016,1198
474,1.5,0.3,0.5,1.25,2332285158.1800203,2598.103871380025,512463920.6436548,1162
475,1.5,0.3,0.5,1.5,2438580039.534469,2596.6657638735355,512470859.22610456,1122
476,1.5,0.3,0.6,0.01,2384579914.882291,2856.1015390335,512060418.7888832,1428
477,1.5,0.3,0.6,0.25,2381312724.395258,3373.3536498979847,512061043.8032792,1413
478,1.5,0.3,0.6,0.5,2399752136.29714,3261.570987205658,512064921.3455428,1378
479,1.5,0.3,0.6,0.75,2396214091.559482,2815.4245534852143,512079113.7583889,1336
480,1.5,0.3,0.6,1.0,2409867312.081821,4038.4988900681255,512120561.89869994,1288
481,1.5,0.3,0.6,1.25,2450097280.312088,2713.848719200843,512148943.4088604,1231
482,1.5,0.3,0.6,1.5,2498757412.998926,2711.8733647808467,512178233.79339993,1197
483,1.5,0.4,0.4,0.01,1499168462.5259182,2382.0604803771266,512898249.07002276,1481
484,1.5,0.4,0.4,0.25,1498396727.521176,2522.2303794000086,512900567.67666245,1466
485,1.5,0.4,0.4,0.5,1513921863.7528706,2376.984695571335,512852722.33524287,1421
486,1.5,0.4,0.4,0.75,1508605944.9258866,2430.735590112912,512872777.93667984,1386
487,1.5,0.4,0.4,1.0,1539008971.762773,2370.574077344904,512914048.9957558,1314
488,1.5,0.4,0.4,1.25,1603493901.629798,2372.7495204263,512961202.15858287,1267
489,1.5,0.4,0.4,1.5,1698123456.3641844,2378.7164515683803,513021396.6285612,1223
490,1.5,0.4,0.5,0.01,1636682972.603416,4436.437481700748,512388210.99037105,1578
491,1.5,0.4,0.5,0.25,1642523284.4494314,4449.525545878722,512389476.6715171,1567
492,1.5,0.4,0.5,0.5,1643909251.2491198,3959.823923387123,512394088.2277942,1520
493,1.5,0.4,0.5,0.75,1606634420.272913,2483.7433778806903,512410164.79615676,1474
494,1.5,0.4,0.5,1.0,1631982119.814426,2562.107485950328,512407871.3917435,1427
495,1.5,0.4,0.5,1.25,1689090217.537961,2481.010593309038,512428718.6788681,1373
496,1.5,0.4,0.5,1.5,1705573860.8653142,2483.8332225961885,512458523.63046855,1333
497,1.5,0.4,0.6,0.01,1819494872.5019796,4567.070598449721,512015456.526271,1672
498,1.5,0.4,0.6,0.25,1807233401.927806,4558.327063606725,512016439.0311673,1654
499,1.5,0.4,0.6,0.5,1854748769.950521,4962.311616888698,512021570.65698797,1624
500,1.5,0.4,0.6,0.75,1842894940.6442587,3485.371660924322,512038380.23638093,1568
501,1.5,0.4,0.6,1.0,1826771621.2932448,4818.084334698902,512084678.64212275,1513
502,1.5,0.4,0.6,1.25,1826810507.678945,3378.531904933098,512058933.2479288,1461
503,1.5,0.4,0.6,1.5,1848134087.0048716,2819.517294921539,512090186.85243195,1412
504,1.5,0.5,0.4,0.01,1189871173.2113073,3150.4881343761217,512969635.9383157,1668
505,1.5,0.5,0.4,0.25,1175314465.2450051,3133.140581887739,512917535.3744281,1647
506,1.5,0.5,0.4,0.5,1153987178.7932322,2299.814841637064,512909301.2309557,1603
507,1.5,0.5,0.4,0.75,1156548505.9586349,2297.5022295680837,512843013.52943486,1554
508,1.5,0.5,0.4,1.0,1179689714.4745977,3044.986760229061,512888699.7986326,1489
509,1.5,0.5,0.4,1.25,1201785930.7066646,2296.208390167565,512938715.27729404,1436
510,1.5,0.5,0.4,1.5,1252634139.488838,2633.316858265247,512947633.1180166,1394
511,1.5,0.5,0.5,0.01,1304464840.937024,3152.4479513165024,512552253.9779504,1796
512,1.5,0.5,0.5,0.25,1304899703.736281,3551.6722172174127,512530053.9747176,1783
513,1.5,0.5,0.5,0.5,1322027791.8129816,3753.042184887301,512456860.5387662,1736
514,1.5,0.5,0.5,0.75,1334667290.1428638,5084.853870727288,512439876.4936306,1685
515,1.5,0.5,0.5,1.0,1301534436.8938863,2800.185627138801,512378132.7462579,1611
516,1.5,0.5,0.5,1.25,1308155477.3328912,3484.2350476594384,512400631.46136487,1546
517,1.5,0.5,0.5,1.5,1322533094.460659,2384.741884733564,512432151.16970414,1491
518,1.5,0.5,0.6,0.01,1511411034.5168242,3353.889016240106,512153753.77620804,1941
519,1.5,0.5,0.6,0.25,1487770190.0309365,3578.8927196932377,512155139.1477647,1925
520,1.5,0.5,0.6,0.5,1516235550.0445592,4266.364612861681,512215559.28496206,1866
521,1.5,0.5,0.6,0.75,1571543206.929319,4740.878679349845,512154755.0111744,1789
522,1.5,0.5,0.6,1.0,1536341893.5064769,4405.263628825398,512201584.5228714,1725
523,1.5,0.5,0.6,1.25,1583734434.268779,4825.486474570066,512125775.92442214,1658
524,1.5,0.5,0.6,1.5,1560925309.382207,4953.926065748592,512093903.0254666,1609
525,1.5,0.6,0.4,0.01,957275302.3589312,2602.629306167584,513062867.32395715,1831
526,1.5,0.6,0.4,0.25,955538947.2686652,2898.5355648806303,513086389.914587,1814
527,1.5,0.6,0.4,0.5,958781718.1322649,3106.04950587688,513095275.0332322,1777
528,1.5,0.6,0.4,0.75,980529204.6906668,3822.11180807256,513098810.025184,1715
529,1.5,0.6,0.4,1.0,972666913.6615098,2212.730953254308,513070832.7604434,1645
530,1.5,0.6,0.4,1.25,974814228.3043914,2218.3830933751324,513089021.1354844,1581
531,1.5,0.6,0.4,1.5,988775611.6924356,2329.417927920397,513009798.3016674,1511
532,1.5,0.6,0.5,0.01,1115877737.043646,3276.1016200866,512602657.9792126,2015
533,1.5,0.6,0.5,0.25,1120294250.356882,3278.300326251903,512604485.4793709,1999
534,1.5,0.6,0.5,0.5,1132151684.242169,3279.61769582861,512610581.40951955,1945
535,1.5,0.6,0.5,0.75,1153785219.6769557,3572.2851309393477,512629986.5628236,1866
536,1.5,0.6,0.5,1.0,1156177436.668973,3594.6519261653348,512693611.8328894,1787
537,1.5,0.6,0.5,1.25,1187998256.652747,4155.943911428049,512636823.14387286,1724
538,1.5,0.6,0.5,1.5,1170570556.6933458,4348.057056683061,512611765.9564478,1663
539,1.5,0.6,0.6,0.01,1351889061.73664,3790.730413354491,512303794.6489175,2200
540,1.5,0.6,0.6,0.25,1354003590.1679258,3798.943024589492,512257337.3938818,2178
541,1.5,0.6,0.6,0.5,1385697065.688509,3803.598561132568,512264364.24465084,2112
542,1.5,0.6,0.6,0.75,1383055821.2455058,4246.93999871534,512252858.4200843,2039
543,1.5,0.6,0.6,1.0,1402991711.375559,4252.500363759731,512307004.90731764,1943
544,1.5,0.6,0.6,1.25,1435767483.1698442,4406.176666677677,512345098.5872008,1848
545,1.5,0.6,0.6,1.5,1460888954.5647595,4887.9354376590745,512347719.19842416,1775
546,1.5,0.7,0.4,0.01,805798025.0206864,2549.7830852360867,513171637.4017439,2024
547,1.5,0.7,0.4,0.25,828015904.9297822,2558.413386797209,513174963.95927066,2002
548,1.5,0.7,0.4,0.5,798914428.7929382,2538.758653290417,513130110.99185574,1948
549,1.5,0.7,0.4,0.75,839193616.4551711,3097.21376893108,513153896.1181034,1855
550,1.5,0.7,0.4,1.0,855665831.6911098,2159.630290870558,513220930.74106437,1779
551,1.5,0.7,0.4,1.25,867014232.7470255,2482.131466757734,513273440.3551199,1717
552,1.5,0.7,0.4,1.5,857799524.7243779,2234.0701872742006,513266754.776536,1655
553,1.5,0.7,0.5,0.01,973886871.3665396,3068.84067632532,512714692.70293444,2244
554,1.5,0.7,0.5,0.25,993812510.1712866,3077.5753919212275,512680825.5429842,2221
555,1.5,0.7,0.5,0.5,984024167.7076726,3080.1984714307164,512686923.4228676,2143
556,1.5,0.7,0.5,0.75,1009658091.2829766,3510.3075533937863,512663763.35446453,2062
557,1.5,0.7,0.5,1.0,1034569800.7144748,3507.2834281246664,512693611.8328894,1957
558,1.5,0.7,0.5,1.25,1084586241.7172422,3908.1735291577816,512717490.2130257,1875
559,1.5,0.7,0.5,1.5,1101038539.9398322,3867.506939234878,512750648.51864415,1793
560,1.5,0.7,0.6,0.01,1175966196.7895832,3748.79375410016,512394717.6443952,2471
561,1.5,0.7,0.6,0.25,1182116009.6586075,4052.19199276338,512396224.2791073,2452
562,1.5,0.7,0.6,0.5,1178200708.4752507,3965.060376710856,512346847.6143262,2374
563,1.5,0.7,0.6,0.75,1230653385.6912813,3803.8377212316536,512367701.32279456,2258
564,1.5,0.7,0.6,1.0,1251737379.5975962,3857.172480414392,512363703.4787267,2142
565,1.5,0.7,0.6,1.25,1256599220.4673872,3674.006115327852,512378083.543338,2049
566,1.5,0.7,0.6,1.5,1320994549.3914623,4085.236089220533,512380258.06329393,1958
567,1.5,0.8,0.4,0.01,696799053.2684181,2565.375339189973,513226447.7135973,2213
568,1.5,0.8,0.4,0.25,696901393.8652163,2562.725378971092,513229829.87119055,2197
569,1.5,0.8,0.4,0.5,724434912.036809,2931.171862530085,513205166.65772426,2121
570,1.5,0.8,0.4,0.75,747883284.1845562,3394.8037145647045,513208082.83613175,2025
571,1.5,0.8,0.4,1.0,758503928.8912414,3096.4254623944826,513202667.043272,1921
572,1.5,0.8,0.4,1.25,766674845.4172235,3275.675748764313,513255316.08897525,1826
573,1.5,0.8,0.4,1.5,792162583.1325941,2432.6924649602515,513340289.5452142,1767
574,1.5,0.8,0.5,0.01,830779589.4560927,2479.986244458919,512769114.95019066,2474
575,1.5,0.8,0.5,0.25,837343530.2460665,2452.562571736991,512735992.1574329,2456
576,1.5,0.8,0.5,0.5,850480953.7424837,2543.7040969749164,512742110.775068,2365
577,1.5,0.8,0.5,0.75,874083795.6484513,3258.928037478971,512797410.6047772,2247
578,1.5,0.8,0.5,1.0,892510820.3166023,3442.5620811137064,512769987.0665283,2134
579,1.5,0.8,0.5,1.25,951150240.7065344,3066.516619913716,512773053.83035576,2038
580,1.5,0.8,0.5,1.5,958000460.2584049,2912.825094075869,512785165.432923,1945
581,1.5,0.8,0.6,0.01,973183738.113168,2931.795871802195,512488864.0885587,2721
582,1.5,0.8,0.6,0.25,945161367.9826412,2801.777949041176,512456921.3818368,2696
583,1.5,0.8,0.6,0.5,999819282.4507178,3745.4487098463496,512402443.16338885,2616
584,1.5,0.8,0.6,0.75,1053421357.3932928,3679.879400810141,512423377.50435764,2498
585,1.5,0.8,0.6,1.0,1086948386.916669,2989.137356240244,512478819.4314203,2364
586,1.5,0.8,0.6,1.25,1131839561.0022604,3638.344453080742,512486322.7257732,2242
587,1.5,0.8,0.6,1.5,1195596180.8826602,3575.126499823258,512460488.51404124,2130
588,3.0,0.2,0.4,0.01,7158316868.283927,3527.9741478700544,512545563.7178954,933
589,3.0,0.2,0.4,0.25,7163389425.269379,3520.769634374962,512548145.15883386,921
590,3.0,0.2,0.4,0.5,7162174895.8085785,3504.2656651446973,512522305.9239047,904
591,3.0,0.2,0.4,0.75,7197599282.016432,3484.953488224185,512490005.32637995,868
592,3.0,0.2,0.4,1.0,7277790675.618883,3466.0918554324085,512531931.995108,844
593,3.0,0.2,0.4,1.25,7405505106.389893,3451.139322349448,512578832.52585334,811
594,3.0,0.2,0.4,1.5,7551153094.168114,3438.0721803249967,512638488.8775282,789
595,3.0,0.2,0.5,0.01,8106475980.549082,3861.400146663598,511994778.9807888,960
596,3.0,0.2,0.5,0.25,8109957972.022837,3853.442875290259,511996198.8376967,955
597,3.0,0.2,0.5,0.5,8107592293.26479,3834.901157939819,511947235.32581395,935
598,3.0,0.2,0.5,0.75,8136509838.430669,3813.0267810046425,511963745.4702282,908
599,3.0,0.2,0.5,1.0,8204357309.294165,3791.338530507224,512018256.4809696,881
600,3.0,0.2,0.5,1.25,8325079448.990032,3772.878015673368,512039127.56884956,851
601,3.0,0.2,0.5,1.5,8474805250.017996,3757.906903819928,512068595.71416867,829
602,3.0,0.2,0.6,0.01,9098559979.059498,4164.685346752373,511645153.99155223,996
603,3.0,0.2,0.6,0.25,9087791216.040745,4152.14139051999,511593347.9959995,989
604,3.0,0.2,0.6,0.5,9072037386.413685,4131.185226710016,511567462.210163,963
605,3.0,0.2,0.6,0.75,9088853201.207315,4116.092433347369,511584618.92796123,938
606,3.0,0.2,0.6,1.0,9152813501.451366,4092.128482889945,511625343.97640103,911
607,3.0,0.2,0.6,1.25,9263506765.759771,4070.258539293418,511657484.96004856,887
608,3.0,0.2,0.6,1.5,9407027180.811892,4053.0836576043416,511688114.3329776,864
609,3.0,0.3,0.4,0.01,5273343654.151034,3406.7088579355,512743247.0859896,1135
610,3.0,0.3,0.4,0.25,5277238624.694368,3399.689001258664,512710836.84333706,1129
611,3.0,0.3,0.4,0.5,5284403447.43483,3383.930577539188,512682142.2805371,1103
612,3.0,0.3,0.4,0.75,5332557714.135506,3365.7575738722467,512680872.7225396,1066
613,3.0,0.3,0.4,1.0,5415572469.771109,3348.2300464063364,512722658.5158781,1030
614,3.0,0.3,0.4,1.25,5561195709.820292,3335.628052004245,512735500.37325954,990
615,3.0,0.3,0.4,1.5,5739154703.069913,3326.172262062113,512795067.9653615,955
616,3.0,0.3,0.5,0.01,5918960870.495722,3720.6016406703975,512224996.8628481,1185
617,3.0,0.3,0.5,0.25,5927550300.18508,3712.924497491181,512226395.291436,1175
618,3.0,0.3,0.5,0.5,5933561922.838393,3695.127021473897,512198042.575109,1146
619,3.0,0.3,0.5,0.75,5960654765.422281,3674.444084751253,512189375.7938196,1113
620,3.0,0.3,0.5,1.0,6045911107.784223,3654.1517396032623,512209546.3937839,1074
621,3.0,0.3,0.5,1.25,6172822658.766897,3638.356238130273,512230432.6731453,1040
622,3.0,0.3,0.5,1.5,6342326201.59393,3627.117538653294,512260047.7741984,1005
623,3.0,0.3,0.6,0.01,6664509041.68322,4016.089857442144,511877429.580976,1243
624,3.0,0.3,0.6,0.25,6656404368.962091,4003.840364025162,511878532.10411614,1234
625,3.0,0.3,0.6,0.5,6659956615.413622,3983.7239215016734,511852050.375467,1199
626,3.0,0.3,0.6,0.75,6672781565.58721,3960.5348267586746,511869348.0073681,1155
627,3.0,0.3,0.6,1.0,6734748689.774448,3938.034566745914,511856032.64747316,1123
628,3.0,0.3,0.6,1.25,6854876602.161558,3918.897937082227,511854938.64909935,1087
629,3.0,0.3,0.6,1.5,7018506276.478027,3905.738582046441,511885961.04843175,1056
630,3.0,0.4,0.4,0.01,3935456001.133053,4485.052857581783,512841919.1061697,1330
631,3.0,0.4,0.4,0.25,3929424777.480404,3275.003357902416,512844444.3581082,1317
632,3.0,0.4,0.4,0.5,3939959242.774985,3260.228617584768,512851606.88749427,1284
633,3.0,0.4,0.4,0.75,3974727331.075904,3243.44465640595,512872075.38278025,1229
634,3.0,0.4,0.4,1.0,4065447458.990933,3227.4805723929385,512914181.03315866,1180
635,3.0,0.4,0.4,1.25,4207125325.25666,3217.5423464838614,512961629.01814306,1141
636,3.0,0.4,0.4,1.5,4376596093.811791,3212.558440097265,513000571.8021514,1102
637,3.0,0.4,0.5,0.01,4454396831.455856,3576.5490913225444,512332415.76331425,1408
638,3.0,0.4,0.5,0.25,4469620610.63354,3569.023548498341,512333810.22279614,1397
639,3.0,0.4,0.5,0.5,4463596469.994813,3552.2707559306145,512338695.8613264,1364
640,3.0,0.4,0.5,0.75,4479378956.543587,3532.908781752707,512355205.6344315,1317
641,3.0,0.4,0.5,1.0,4540401173.45852,3514.105814945735,512410159.68982583,1261
642,3.0,0.4,0.5,1.25,4652972310.688892,3500.999267887497,512431222.4674102,1214
643,3.0,0.4,0.5,1.5,4816624313.8673725,3493.67320313716,512461090.1168461,1169
644,3.0,0.4,0.6,0.01,5132180191.483115,3859.180590521431,511960353.7068051,1483
645,3.0,0.4,0.6,0.25,5126244430.25408,3847.135848578866,511961444.3360716,1466
646,3.0,0.4,0.6,0.5,5142540856.892662,3827.9489079589994,511966884.2796952,1428
647,3.0,0.4,0.6,0.75,5096955808.708395,4193.387156548333,511984131.9439632,1371
648,3.0,0.4,0.6,1.0,5121130203.491452,3784.780718356332,512030955.407341,1331
649,3.0,0.4,0.6,1.25,5235295554.67231,3768.0589345245153,512063522.9414956,1291
650,3.0,0.4,0.6,1.5,5358652137.750676,3758.3572312643696,512094830.43090856,1236
651,3.0,0.5,0.4,0.01,3029911996.8800054,3162.1539925204734,512896575.1062729,1506
652,3.0,0.5,0.4,0.25,3019514032.003031,3155.6852685836525,512899108.41507196,1493
653,3.0,0.5,0.4,0.5,3024791533.367636,3141.577625069768,512906294.9376208,1451
654,3.0,0.5,0.4,0.75,3046105992.3474283,3125.704947868953,512926829.0857786,1398
655,3.0,0.5,0.4,1.0,3111127511.1982203,3112.389385905,512914181.03315866,1348
656,3.0,0.5,0.4,1.25,3213822116.791526,3107.0356981289888,512961629.01814306,1288
657,3.0,0.5,0.4,1.5,3368776415.409779,3103.805548874477,513022092.30252945,1243
658,3.0,0.5,0.5,0.01,3531589854.1761827,3944.6435215906,512388593.432201,1594
659,3.0,0.5,0.5,0.25,3518918885.96508,3439.056357327084,512389992.74634,1583
660,3.0,0.5,0.5,0.5,3516555577.8630414,3423.210828445803,512394895.8505616,1545
661,3.0,0.5,0.5,0.75,3538013592.5317063,3405.1296712648664,512411463.95582724,1495
662,3.0,0.5,0.5,1.0,3567879780.266711,3386.516808969991,512466616.07689494,1424
663,3.0,0.5,0.5,1.25,3646466214.160794,3375.186182289164,512431222.4674102,1381
664,3.0,0.5,0.5,1.5,3768831112.1192393,3370.5066223613094,512461090.1168461,1341
665,3.0,0.5,0.6,0.01,4152741545.638863,4281.135875203526,512083143.6506921,1661
666,3.0,0.5,0.6,0.25,4154903709.4212418,5440.3557207456,512084253.63695925,1645
667,3.0,0.5,0.6,0.5,4125371468.310328,4859.632079315659,512024395.77662164,1613
668,3.0,0.5,0.6,0.75,4090260614.570322,3944.805549235548,512041709.0308158,1567
669,3.0,0.5,0.6,1.0,4156590370.604137,3649.5751912552073,512088710.6301149,1511
670,3.0,0.5,0.6,1.25,4202083143.72593,3634.7464429771617,512121409.1932346,1457
671,3.0,0.5,0.6,1.5,4323491276.987598,3745.251938774344,512094830.43090856,1415
672,3.0,0.6,0.4,0.01,2440387693.1794825,3065.2799141008486,512934483.10095483,1652
673,3.0,0.6,0.4,0.25,2430378200.3602715,3062.0114557477978,512937784.36387527,1640
674,3.0,0.6,0.4,0.5,2433999415.4743133,3054.43201951792,512856908.2680632,1595
675,3.0,0.6,0.4,0.75,2452537798.270771,3045.2910701184146,512845237.979399,1541
676,3.0,0.6,0.4,1.0,2491398064.406958,3036.719143132921,512857216.3111394,1471
677,3.0,0.6,0.4,1.25,2573375209.949065,3032.8509696775272,512908329.37769794,1428
678,3.0,0.6,0.4,1.5,2670001802.373893,3032.855168050633,512973334.47940606,1380
679,3.0,0.6,0.5,0.01,2919641355.4383526,4980.871424391423,512500678.67341375,1745
680,3.0,0.6,0.5,0.25,2903465449.519678,3810.5902721697735,512444683.7865297,1730
681,3.0,0.6,0.5,0.5,2900098235.1400723,3888.549200721138,512419231.3441493,1684
682,3.0,0.6,0.5,0.75,2899476379.7931337,3657.149493189776,512381649.3633274,1637
683,3.0,0.6,0.5,1.0,2920806596.5324,3293.2940696163096,512432269.87880313,1577
684,3.0,0.6,0.5,1.25,2991671765.438228,3579.49314390438,512366591.41858405,1520
685,3.0,0.6,0.5,1.5,3075655075.3665457,3284.7232121551688,512398704.6077778,1466
686,3.0,0.6,0.6,0.01,3469616395.8214765,3596.923007110271,512111888.1103627,1851
687,3.0,0.6,0.6,0.25,3476898475.137328,4353.360840366423,512113371.6759901,1835
688,3.0,0.6,0.6,0.5,3485865183.9659944,4201.706191406129,512123202.05046415,1785
689,3.0,0.6,0.6,0.75,3465187170.636076,4398.475875032005,512116265.1807502,1720
690,3.0,0.6,0.6,1.0,3468140058.7681413,5789.793025546747,512136371.5394929,1661
691,3.0,0.6,0.6,1.25,3506032874.380311,4619.206010564193,512022833.21067363,1600
692,3.0,0.6,0.6,1.5,3601667273.491332,3524.14216678464,512057079.2248932,1553
693,3.0,0.7,0.4,0.01,2036036618.8035731,3270.448687480191,513062867.32395715,1793
694,3.0,0.7,0.4,0.25,2027663313.754668,3280.842238406225,513066175.9868363,1778
695,3.0,0.7,0.4,0.5,2058401087.5135624,3215.655766540411,513056875.2651534,1731
696,3.0,0.7,0.4,0.75,2043295075.094751,3108.184458279403,513057151.11859906,1669
697,3.0,0.7,0.4,1.0,2076908207.3613756,2966.7034052915587,513036833.8875149,1604
698,3.0,0.7,0.4,1.25,2145820854.1404755,2964.043391648387,512997908.2436821,1537
699,3.0,0.7,0.4,1.5,2225450422.404537,2966.738710694756,513009798.3016674,1483
700,3.0,0.7,0.5,0.01,2441726502.4621058,3248.86033185756,512579050.2292431,1929
701,3.0,0.7,0.5,0.25,2458662686.0189037,3245.24786204417,512559591.97919923,1912
702,3.0,0.7,0.5,0.5,2463623270.025789,3237.462788690892,512610581.40951955,1860
703,3.0,0.7,0.5,0.75,2498156124.5852656,3683.41677311616,512606467.5708758,1781
704,3.0,0.7,0.5,1.0,2510111482.574004,3633.674333320632,512646502.177327,1708
705,3.0,0.7,0.5,1.25,2568183718.025754,3215.4805789827,512578699.5734534,1652
706,3.0,0.7,0.5,1.5,2592216419.790604,3490.2442834425697,512588787.71534,1595
707,3.0,0.7,0.6,0.01,3049425557.051425,4081.769051904928,512223637.5811942,2052
708,3.0,0.7,0.6,0.25,3017210362.7838235,4090.082303470335,512198639.427735,2043
709,3.0,0.7,0.6,0.5,2981622299.3646493,3839.763025586847,512205644.9610094,1985
710,3.0,0.7,0.6,0.75,3002621587.162217,4167.967287655757,512252858.4200843,1904
711,3.0,0.7,0.6,1.0,3102448551.6545973,3874.682285825747,512280790.5887915,1823
712,3.0,0.7,0.6,1.25,3098611404.726644,4634.745738933747,512292386.8408656,1737
713,3.0,0.7,0.6,1.5,3124890017.2101374,4806.099619767737,512266340.0383252,1686
714,3.0,0.8,0.4,0.01,1726056372.3653874,2917.884060199691,513097633.6770319,1934
715,3.0,0.8,0.4,0.25,1740004035.8931272,2915.3105604111715,513100960.8383392,1921
716,3.0,0.8,0.4,0.5,1762593449.7899437,3091.364212510945,513130110.99185574,1876
717,3.0,0.8,0.4,0.75,1782927892.749185,3135.4850022922915,513153896.1181034,1787
718,3.0,0.8,0.4,1.0,1809719121.322708,2898.6701999688607,513182689.7174509,1720
719,3.0,0.8,0.4,1.25,1823081090.6889176,2899.9889159439026,513215265.81105614,1656
720,3.0,0.8,0.4,1.5,1894822946.081638,2903.580817436311,513190145.6592208,1591
721,3.0,0.8,0.5,0.01,2153059265.9155526,3964.7729901615166,512636266.84698755,2098
722,3.0,0.8,0.5,0.25,2168102794.6315293,4759.1758789530895,512638105.53267133,2080
723,3.0,0.8,0.5,0.5,2191211077.228497,4770.0692452350095,512644238.91481286,2027
724,3.0,0.8,0.5,0.75,2187604727.485038,4796.7438649679525,512629986.5628236,1944
725,3.0,0.8,0.5,1.0,2219023777.24665,3149.1061726172843,512693611.8328894,1852
726,3.0,0.8,0.5,1.25,2298841074.4338737,3623.446537944161,512717490.2130257,1768
727,3.0,0.8,0.5,1.5,2294627565.2193875,4194.711053920189,512750648.51864415,1704
728,3.0,0.8,0.6,0.01,2689501606.5850973,3656.757111193259,512338327.7496936,2250
729,3.0,0.8,0.6,0.25,2695195906.0126443,3666.145597925489,512339829.1567626,2235
730,3.0,0.8,0.6,0.5,2700291690.473495,3676.712163831469,512346847.6143262,2147
731,3.0,0.8,0.6,0.75,2693841420.5447106,3685.488236436738,512285243.0597464,2066
732,3.0,0.8,0.6,1.0,2718793093.7477484,4234.684684347132,512307004.90731764,1975
733,3.0,0.8,0.6,1.25,2776586578.4570093,4807.327908443437,512345098.5872008,1888
734,3.0,0.8,0.6,1.5,2868989733.7473664,5432.724668508,512380258.06329393,1806
735,6.0,0.2,0.4,0.01,12538956465.662506,4717.954453012446,512308296.5034418,873
736,6.0,0.2,0.4,0.25,12533432753.2232,4707.494520654872,512312832.34390354,857
737,6.0,0.2,0.4,0.5,12503788686.362965,4682.425701030826,512323581.0256379,825
738,6.0,0.2,0.4,0.75,12512621183.29482,4652.55492015331,512348126.90183544,797
739,6.0,0.2,0.4,1.0,12573134911.318336,4622.973834919114,512392042.9939725,769
740,6.0,0.2,0.4,1.25,12704253202.097294,4598.3403674756455,512442425.16331977,742
741,6.0,0.2,0.4,1.5,12852002020.795078,4575.43493579738,512505893.0275243,721
742,6.0,0.2,0.5,0.01,14660641419.98268,5256.78194034789,511778773.8879961,889
743,6.0,0.2,0.5,0.25,14653558978.174362,5245.354114188716,511781367.60804117,882
744,6.0,0.2,0.5,0.5,14609920653.688677,5217.568551934218,511788977.52504617,856
745,6.0,0.2,0.5,0.75,14606003752.172085,5184.133035776906,511810078.5589808,821
746,6.0,0.2,0.5,1.0,14648531852.752735,5150.485546006997,511874622.2512454,791
747,6.0,0.2,0.5,1.25,14763894116.750875,5120.665200921762,511842407.9353132,762
748,6.0,0.2,0.5,1.5,14907530465.61855,5094.7903462574,511873202.9523474,740
749,6.0,0.2,0.6,0.01,16722611613.386566,5750.810863353859,511365602.248058,903
750,6.0,0.2,0.6,0.25,16698476447.155714,5734.915078645985,511367765.9581853,896
751,6.0,0.2,0.6,0.5,16641932060.572777,5704.190470165813,511376528.7261074,875
752,6.0,0.2,0.6,0.75,16617569637.544376,5667.414206148274,511399089.83334476,856
753,6.0,0.2,0.6,1.0,16644268650.550207,5630.703016029004,511423624.3715998,824
754,6.0,0.2,0.6,1.25,16732104433.96271,5595.982011003613,511461856.12493336,794
755,6.0,0.2,0.6,1.5,16870040363.086351,5567.075139836473,511494208.1609718,769
756,6.0,0.3,0.4,0.01,9921489400.251455,4603.128816357552,512483915.12352073,1069
757,6.0,0.3,0.4,0.25,9921176128.565554,4592.905321295343,512455735.3965298,1062
758,6.0,0.3,0.4,0.5,9910999668.639626,4568.60658446021,512466612.223654,1028
759,6.0,0.3,0.4,0.75,9943113627.480844,4539.802668826534,512491426.00713146,994
760,6.0,0.3,0.4,1.0,10035268264.06057,4511.40553274865,512542476.894777,948
761,6.0,0.3,0.4,1.25,10200558031.162258,4488.607253845215,512559001.5204175,913
762,6.0,0.3,0.4,1.5,10404562354.093842,4468.327669204421,512623018.42959595,890
763,6.0,0.3,0.5,0.01,11660013726.585314,5124.528745814593,511959264.64253485,1105
764,6.0,0.3,0.5,0.25,11655256783.752914,5113.3646825549295,511961912.1380502,1092
765,6.0,0.3,0.5,0.5,11625980736.604446,5086.395481010248,511938912.0607687,1068
766,6.0,0.3,0.5,0.75,11640213856.403416,5054.051900122879,511960308.7678234,1037
767,6.0,0.3,0.5,1.0,11713198094.153069,5021.59271821782,512019860.8705905,999
768,6.0,0.3,0.5,1.25,11861732569.460136,4993.712710943199,512043255.3334581,972
769,6.0,0.3,0.5,1.5,12048861947.50317,4970.488195880072,512041823.9334134,929
770,6.0,0.3,0.6,0.01,13409379615.46456,5603.479147908683,511597855.95539635,1154
771,6.0,0.3,0.6,0.25,13391267551.532482,5587.855056058157,511569131.65056163,1140
772,6.0,0.3,0.6,0.5,13353308172.567043,5557.959447082811,511548983.37794983,1118
773,6.0,0.3,0.6,0.75,13347041991.842304,5522.366044053491,511571759.15545666,1085
774,6.0,0.3,0.6,1.0,13398868444.240875,5486.928935821549,511626175.40616417,1039
775,6.0,0.3,0.6,1.25,13517972360.303194,5454.129121247996,511665190.00798666,1002
776,6.0,0.3,0.6,1.5,13688786278.812853,5427.893715226814,511698160.7822132,971
777,6.0,0.4,0.4,0.01,8137740635.769899,4497.049185660517,512731458.5892576,1249
778,6.0,0.4,0.4,0.25,8142658566.463442,4487.020034144898,512716675.661164,1239
779,6.0,0.4,0.4,0.5,8141401056.55697,4463.458480166107,512727732.87804157,1209
780,6.0,0.4,0.4,0.75,8184259583.414036,4435.729471122694,512707559.02882034,1157
781,6.0,0.4,0.4,1.0,8276755666.168325,4408.414998822582,512759122.4277296,1100
782,6.0,0.4,0.4,1.25,8454955565.690911,4387.453075602621,512789159.6487988,1062
783,6.0,0.4,0.4,1.5,8666997564.874065,4369.868232968185,512819259.029153,1020
784,6.0,0.4,0.5,0.01,9689363763.857122,5004.052402366733,512196391.936742,1323
785,6.0,0.4,0.5,0.25,9678447906.933132,4993.116896394186,512199006.48381776,1312
786,6.0,0.4,0.5,0.5,9658000696.339657,4966.929173779101,512206750.2611828,1270
787,6.0,0.4,0.5,0.75,9676069395.057903,4935.6753157252815,512201771.78096676,1233
788,6.0,0.4,0.5,1.0,9752389722.614618,4904.422622326557,512242456.15253687,1175
789,6.0,0.4,0.5,1.25,9891979411.973787,4878.4941029649135,512266216.88984776,1127
790,6.0,0.4,0.5,1.5,10083719251.428452,4858.030689551812,512272959.2116394,1093
791,6.0,0.4,0.6,0.01,11311662946.269472,5470.956361201324,511818587.3950008,1389
792,6.0,0.4,0.6,0.25,11302130735.115818,5455.598486319629,511820760.33409566,1372
793,6.0,0.4,0.6,0.5,11281110557.427277,5426.475351478306,511829641.91144526,1342
794,6.0,0.4,0.6,0.75,11251521922.886314,5391.957517694306,511852641.7472056,1289
795,6.0,0.4,0.6,1.0,11283703767.861883,5357.704974387448,511877819.3717984,1250
796,6.0,0.4,0.6,1.25,11392826434.826117,5327.0823282885485,511883044.82173616,1195
797,6.0,0.4,0.6,1.5,11569511400.759417,5303.68197523138,511888380.7313547,1152
798,6.0,0.5,0.4,0.01,6856416202.237393,4396.767915363846,512783936.210264,1423
799,6.0,0.5,0.4,0.25,6857663965.876536,4386.967493240821,512788514.267801,1406
800,6.0,0.5,0.4,0.5,6862000053.25847,4364.206456056924,512764360.8023008,1359
801,6.0,0.5,0.4,0.75,6896712957.4154215,4337.654822920381,512789272.27412975,1310
802,6.0,0.5,0.4,1.0,6990561180.808212,4311.336498381933,512840027.3857888,1249
803,6.0,0.5,0.4,1.25,7160114626.0966,4292.503117432315,512891150.0199787,1202
804,6.0,0.5,0.4,1.5,7374280920.948095,4278.657977584364,512956531.04054487,1154
805,6.0,0.5,0.5,0.01,8306347834.297155,4891.402220835971,512269306.6215202,1506
806,6.0,0.5,0.5,0.25,8310005659.056148,4880.687311629421,512271916.8539119,1490
807,6.0,0.5,0.5,0.5,8273090030.599641,4855.250517491675,512279683.5903322,1448
808,6.0,0.5,0.5,0.75,8271529216.448954,4825.109637909031,512268003.8775794,1386
809,6.0,0.5,0.5,1.0,8347659332.516807,4794.960884613032,512333880.37590635,1324
810,6.0,0.5,0.5,1.25,8469014051.498967,4771.335771593544,512357386.36143315,1290
811,6.0,0.5,0.5,1.5,8659374700.295788,4754.205843123143,512388881.07336104,1232
812,6.0,0.5,0.6,0.01,9840831574.912613,5350.493445911867,511893316.0071212,1550
813,6.0,0.5,0.6,0.25,9807224482.93752,5335.356935047687,511895466.3142597,1536
814,6.0,0.5,0.6,0.5,9780493667.707954,5306.97560554747,511904301.52060956,1507
815,6.0,0.5,0.6,0.75,9766663246.84752,5273.455205476463,511927238.4918868,1462
816,6.0,0.5,0.6,1.0,9821837552.748163,5240.1733199400105,511949527.4533149,1401
817,6.0,0.5,0.6,1.25,9925603002.389347,5211.414519315444,511988830.33782196,1346
818,6.0,0.5,0.6,1.5,10080283066.350351,5190.998227371717,512021905.9177443,1304
819,6.0,0.6,0.4,0.01,5941824687.671381,4302.151834728475,512803408.0846322,1552
820,6.0,0.6,0.4,0.25,5934452788.166865,4292.535194123078,512807972.6304349,1540
821,6.0,0.6,0.4,0.5,5929724324.115135,4271.779354023492,512818940.49129,1499
822,6.0,0.6,0.4,0.75,5955431531.998835,4247.980113984644,512824579.8025695,1439
823,6.0,0.6,0.4,1.0,6031209765.557951,4222.664941370907,512894860.8456508,1377
824,6.0,0.6,0.4,1.25,6204080034.567083,4206.003389109744,512891150.0199787,1325
825,6.0,0.6,0.4,1.5,6401686222.993673,4194.44435428841,512956531.04054487,1264
826,6.0,0.6,0.5,0.01,7261639238.777961,4838.730907185208,512291985.3480545,1627
827,6.0,0.6,0.5,0.25,7246294718.149337,4847.351004310641,512294587.182065,1610
828,6.0,0.6,0.5,0.5,7237522885.974853,4758.516188632293,512302329.4829461,1573
829,6.0,0.6,0.5,0.75,7235151311.826639,4728.967409406209,512301584.75573444,1529
830,6.0,0.6,0.5,1.0,7305078773.425584,4699.475453269313,512367907.6680562,1459
831,6.0,0.6,0.5,1.25,7438061547.591068,4677.363218673827,512413873.7031125,1401
832,6.0,0.6,0.5,1.5,7616530402.333511,4662.295594510313,512388881.07336104,1351
833,6.0,0.6,0.6,0.01,8720142599.798891,5252.7562990256965,511950622.398909,1698
834,6.0,0.6,0.6,0.25,8703558071.608158,5898.768902986833,511952779.3166199,1679
835,6.0,0.6,0.6,0.5,8665983807.032263,5209.8250836391335,511929661.3941304,1642
836,6.0,0.6,0.6,0.75,8649922204.342356,5176.799954317403,511959368.08737373,1580
837,6.0,0.6,0.6,1.0,8686566233.683655,5144.121982854756,511982118.481034,1522
838,6.0,0.6,0.6,1.25,8811616015.09377,5116.690093438467,512021706.7361425,1468
839,6.0,0.6,0.6,1.5,8962925759.430609,5098.148475981022,512079890.0767225,1419
840,6.0,0.7,0.4,0.01,5158674017.149644,4221.251605929739,512836405.9504242,1658
841,6.0,0.7,0.4,0.25,5147794397.031114,4211.793221205266,512772909.9084629,1637
842,6.0,0.7,0.4,0.5,5167252168.255762,4190.136125225849,512750523.84587306,1602
843,6.0,0.7,0.4,0.75,5192569961.379676,4164.83750029807,512778061.50820494,1548
844,6.0,0.7,0.4,1.0,5271826703.297494,4149.657782816406,512834424.4408075,1474
845,6.0,0.7,0.4,1.25,5413727312.33214,4133.99733764435,512854191.855886,1419
846,6.0,0.7,0.4,1.5,5613594049.916121,4124.50535976146,512923478.62290066,1364
847,6.0,0.7,0.5,0.01,6399875707.302523,4713.18853645535,512336669.2917272,1728
848,6.0,0.7,0.5,0.25,6389751641.149864,4702.742489097957,512339798.0130216,1710
849,6.0,0.7,0.5,0.5,6384697577.920355,5143.775112724252,512292115.1084275,1660
850,6.0,0.7,0.5,0.75,6417452841.299398,4649.480324444606,512250851.33232594,1612
851,6.0,0.7,0.5,1.0,6472645735.534309,4620.879606345707,512322889.0021547,1566
852,6.0,0.7,0.5,1.25,6599058730.646704,4599.732874428356,512314773.0867466,1508
853,6.0,0.7,0.5,1.5,6776913150.932103,4586.242602670487,512348351.2372015,1458
854,6.0,0.7,0.6,0.01,7769323836.079926,5178.533134798647,511951773.170679,1797
855,6.0,0.7,0.6,0.25,7754196378.799693,5163.70013471385,511954364.9772177,1782
856,6.0,0.7,0.6,0.5,7757209235.590821,5136.159191147257,511938137.95078784,1740
857,6.0,0.7,0.6,0.75,7784102986.228069,5778.031094524366,511932796.1256897,1678
858,6.0,0.7,0.6,1.0,7829789101.82253,5190.611129235881,511930193.03403836,1612
859,6.0,0.7,0.6,1.25,7906741133.111416,5044.8328059302,511973757.99075043,1561
860,6.0,0.7,0.6,1.5,8057138672.646112,5027.7182488614,511976804.0167321,1520
861,6.0,0.8,0.4,0.01,4640597563.717702,4231.717002450573,512945942.47268736,1735
862,6.0,0.8,0.4,0.25,4642759415.339593,4228.11946230167,512895323.4143618,1718
863,6.0,0.8,0.4,0.5,4658531738.030371,4136.093627449477,512874868.2679528,1672
864,6.0,0.8,0.4,0.75,4676909888.433654,4111.845005394989,512848182.38888663,1609
865,6.0,0.8,0.4,1.0,4753622905.389049,4087.188773547142,512869906.8954436,1555
866,6.0,0.8,0.4,1.25,4900281414.142477,4072.6310008054,512907766.8686654,1499
867,6.0,0.8,0.4,1.5,5071080389.949207,4064.521576345171,512959363.4564398,1444
868,6.0,0.8,0.5,0.01,5800580268.086223,4654.743737587918,512418948.60140103,1827
869,6.0,0.8,0.5,0.25,5817775458.173791,4644.4801674485625,512422074.183998,1812
870,6.0,0.8,0.5,0.5,5834226141.597147,4620.320690976934,512411342.170049,1757
871,6.0,0.8,0.5,0.75,5835047148.170801,4994.859471882513,512404964.79680586,1685
872,6.0,0.8,0.5,1.0,5895223220.007553,4563.291493208693,512423234.08474815,1620
873,6.0,0.8,0.5,1.25,6025185833.158919,4543.318804851196,512382430.8784181,1573
874,6.0,0.8,0.5,1.5,6174186303.929621,4531.195321409562,512437595.6703211,1528
875,6.0,0.8,0.6,0.01,7162460177.477009,5126.213992729315,512069723.12107325,1905
876,6.0,0.8,0.6,0.25,7166790453.405063,5111.473651221578,512072329.61185676,1890
877,6.0,0.8,0.6,0.5,7135211187.870947,5083.83744356459,512081099.94002837,1824
878,6.0,0.8,0.6,0.75,7153757549.616084,5051.861915199922,512050575.3247113,1757
879,6.0,0.8,0.6,1.0,7198407959.433472,5657.932886828944,512114621.0394284,1683
880,6.0,0.8,0.6,1.25,7324717258.341711,5122.817755829789,512100975.0414254,1631
881,6.0,0.8,0.6,1.5,7465299285.696716,4979.152201867977,512042252.34655505,1575
